title,body,tags,author,date
London: Expectations vs Reality,Nisl nunc mi ipsum faucibus vitae aliquet nec ullamcorper. Purus ut faucibus pulvinar elementum integer enim neque volutpat. At consectetur lorem donec massa sapien faucibus et molestie ac. Vulputate eu scelerisque felis imperdiet proin fermentum leo vel. Sit amet est placerat in. Etiam dignissim diam quis enim lobortis scelerisque. Faucibus vitae aliquet nec ullamcorper sit amet risus nullam eget. Venenatis cras sed felis eget velit aliquet sagittis id consectetur. Fermentum posuere urna nec tincidunt praesent semper feugiat nibh sed. Augue eget arcu dictum varius duis. Massa tempor nec feugiat nisl pretium fusce. Bibendum neque egestas congue quisque egestas diam in arcu. Diam vulputate ut pharetra sit amet.,#London,Stargazer,19/08/22
Will Tourists Ever Rule the World,"Diam sollicitudin tempor id eu nisl. Rhoncus mattis rhoncus urna neque. Aliquet sagittis id consectetur purus ut faucibus pulvinar. Feugiat in ante metus dictum at tempor commodo. Ornare arcu dui vivamus arcu felis bibendum ut tristique et. Quis viverra nibh cras pulvinar mattis. Ornare massa eget egestas purus viverra accumsan in nisl nisi. Arcu non sodales neque sodales ut etiam sit. Risus ultricies tristique nulla aliquet. Purus in mollis nunc sed id semper risus in.

Vitae congue eu consequat ac felis donec. Cras sed felis eget velit aliquet sagittis. Dolor sit amet consectetur adipiscing elit ut aliquam purus. Vulputate ut pharetra sit amet aliquam. Feugiat in ante metus dictum. Eget gravida cum sociis natoque penatibus et magnis dis. Integer enim neque volutpat ac. Volutpat odio facilisis mauris sit amet massa vitae. Vitae auctor eu augue ut lectus arcu. Ante in nibh mauris cursus mattis molestie a. Sagittis id consectetur purus ut. Cursus euismod quis viverra nibh cras pulvinar mattis. Viverra aliquet eget sit amet. Dolor sed viverra ipsum nunc aliquet bibendum. Egestas dui id ornare arcu. Auctor urna nunc id cursus metus aliquam eleifend mi.",#London #tourism,Stargazer,01/08/22
The Next Big Thing,Enim lobortis scelerisque fermentum dui faucibus. At imperdiet dui accumsan sit. Ipsum nunc aliquet bibendum enim facilisis gravida neque. Eget est lorem ipsum dolor. Elit scelerisque mauris pellentesque pulvinar. Nisi vitae suscipit tellus mauris a. Dictum varius duis at consectetur lorem donec massa sapien. Iaculis urna id volutpat lacus laoreet non. Bibendum ut tristique et egestas quis. Ipsum a arcu cursus vitae congue mauris.  Nullam ac tortor vitae purus faucibus ornare suspendisse sed nisi. Laoreet id donec ultrices tincidunt arcu. Phasellus egestas tellus rutrum tellus pellentesque eu tincidunt tortor. Ut sem nulla pharetra diam sit amet. Ut etiam sit amet nisl purus in mollis nunc sed. Eros donec ac odio tempor orci. Sit amet venenatis urna cursus eget nunc scelerisque. Nibh sed pulvinar proin gravida hendrerit lectus. Placerat orci nulla pellentesque dignissim enim sit amet venenatis. Aliquam ultrices sagittis orci a scelerisque purus semper eget. Ornare suspendisse sed nisi lacus. Placerat vestibulum lectus mauris ultrices. Sollicitudin ac orci phasellus egestas. Augue neque gravida in fermentum et sollicitudin ac orci phasellus. Diam phasellus vestibulum lorem sed risus. Pretium nibh ipsum consequat nisl vel pretium lectus quam id. Nulla porttitor massa id neque.,#tourism,Dante,07/08/22
Top Attractions ,Rutrum quisque non tellus orci. Semper auctor neque vitae tempus quam pellentesque nec nam. A erat nam at lectus urna duis convallis. Et magnis dis parturient montes nascetur ridiculus mus. Bibendum ut tristique et egestas quis ipsum suspendisse ultrices gravida. Quam vulputate dignissim suspendisse in est ante in nibh mauris. Pharetra diam sit amet nisl. Vitae et leo duis ut diam quam nulla porttitor massa. In ornare quam viverra orci sagittis eu volutpat odio facilisis. Quis vel eros donec ac.   Vel eros donec ac odio tempor orci. Massa placerat duis ultricies lacus sed turpis tincidunt id. Sed euismod nisi porta lorem mollis aliquam ut porttitor. Donec pretium vulputate sapien nec sagittis aliquam. Tellus pellentesque eu tincidunt tortor aliquam nulla facilisi cras fermentum. Dis parturient montes nascetur ridiculus mus mauris. Arcu non sodales neque sodales ut etiam sit. Est ullamcorper eget nulla facilisi etiam dignissim diam. Purus faucibus ornare suspendisse sed nisi lacus sed. Ultrices dui sapien eget mi proin sed libero enim.,#London #tourism,Arcadia,15/08/22
Tips to Improve Your Cooking,,#cooking,Proteus,14/08/22
Cooking Like a Pro,Fringilla urna porttitor rhoncus dolor purus non enim. Dolor sit amet consectetur adipiscing. Nisl suscipit adipiscing bibendum est ultricies integer quis. Et malesuada fames ac turpis egestas maecenas pharetra convallis posuere. Ultrices mi tempus imperdiet nulla malesuada pellentesque. Sed augue lacus viverra vitae. Sed vulputate mi sit amet mauris commodo. Vitae congue eu consequat ac felis donec et. Vel elit scelerisque mauris pellentesque pulvinar pellentesque. Fames ac turpis egestas maecenas pharetra. Mauris ultrices eros in cursus turpis.   Condimentum lacinia quis vel eros donec. Amet volutpat consequat mauris nunc. Suscipit adipiscing bibendum est ultricies integer quis. Ullamcorper sit amet risus nullam. Sed libero enim sed faucibus turpis in eu mi. Morbi tristique senectus et netus et malesuada fames ac. Arcu vitae elementum curabitur vitae nunc sed velit dignissim sodales.,#cooking,Proteus,11/08/22
Classic Lasagna,Sit amet venenatis urna cursus eget nunc scelerisque viverra. Phasellus faucibus scelerisque eleifend donec. Nisl suscipit adipiscing bibendum est ultricies integer quis. Faucibus purus in massa tempor nec feugiat nisl. Faucibus et molestie ac feugiat sed lectus vestibulum mattis ullamcorper. Aliquet nibh praesent tristique magna sit. Nullam non nisi est sit amet. Neque egestas congue quisque egestas.   Lectus urna duis convallis convallis tellus id interdum velit laoreet. Tellus molestie nunc non blandit. Justo laoreet sit amet cursus sit amet dictum. Cum sociis natoque penatibus et magnis. Diam maecenas sed enim ut sem. Sed velit dignissim sodales ut eu. Varius morbi enim nunc faucibus. Malesuada nunc vel risus commodo viverra maecenas. ,#cooking,Proteus,19/08/22
Writing Prompt - Horror #1,Bibendum neque egestas congue quisque egestas diam. Sollicitudin tempor id eu nisl nunc mi ipsum faucibus vitae. Eget arcu dictum varius duis at consectetur lorem. Varius quam quisque id diam vel quam elementum pulvinar. Quis auctor elit sed vulputate mi sit amet. Mattis molestie a iaculis at erat pellentesque adipiscing. Etiam sit amet nisl purus in mollis nunc sed. Vestibulum morbi blandit cursus risus at ultrices mi. Leo vel fringilla est ullamcorper eget nulla facilisi etiam dignissim. Neque aliquam vestibulum morbi blandit cursus risus at. Non odio euismod lacinia at quis risus sed.  Praesent elementum facilisis leo vel fringilla est ullamcorper eget nulla. Pharetra pharetra massa massa ultricies mi quis. Dis parturient montes nascetur ridiculus mus mauris vitae. Quis ipsum suspendisse ultrices gravida dictum fusce ut. Ridiculus mus mauris vitae ultricies leo integer malesuada. At tempor commodo ullamcorper a lacus vestibulum. Molestie at elementum eu facilisis sed. Amet est placerat in egestas erat imperdiet sed euismod. Pellentesque eu tincidunt tortor aliquam nulla. Mi quis hendrerit dolor magna eget. Arcu risus quis varius quam quisque id diam vel. Purus non enim praesent elementum. Et ligula ullamcorper malesuada proin libero. Netus et malesuada fames ac turpis egestas. A scelerisque purus semper eget duis at tellus. Dui sapien eget mi proin sed libero enim sed. Semper auctor neque vitae tempus quam pellentesque nec nam aliquam.,"#Writing-Prompts, #Horror",Technocrat,03/08/22
Writing Prompt - Horror #2,Ipsum a arcu cursus vitae congue mauris rhoncus aenean. In pellentesque massa placerat duis ultricies lacus. Augue mauris augue neque gravida in fermentum. Ornare lectus sit amet est. Senectus et netus et malesuada fames ac turpis egestas. Quis commodo odio aenean sed adipiscing. Viverra vitae congue eu consequat ac felis donec. Mattis pellentesque id nibh tortor id aliquet lectus proin nibh. Ante in nibh mauris cursus mattis. Eget nunc lobortis mattis aliquam.  Vitae aliquet nec ullamcorper sit amet risus nullam. Enim nunc faucibus a pellentesque sit. Eu facilisis sed odio morbi quis commodo odio. Sollicitudin tempor id eu nisl nunc mi ipsum faucibus. Quam pellentesque nec nam aliquam sem et tortor. Eget nunc lobortis mattis aliquam faucibus purus. Quam quisque id diam vel quam elementum pulvinar. Volutpat sed cras ornare arcu dui vivamus arcu. Cras fermentum odio eu feugiat pretium nibh. Id nibh tortor id aliquet lectus proin nibh nisl condimentum. Proin libero nunc consequat interdum varius sit amet mattis vulputate. Quis blandit turpis cursus in hac habitasse platea.,"#Writing-Prompts, #Horror",Arcadia,31/07/22
Writing Prompt - Horror #3,Tellus pellentesque eu tincidunt tortor aliquam nulla. Egestas congue quisque egestas diam. Scelerisque in dictum non consectetur a erat nam. A erat nam at lectus urna duis convallis convallis. A iaculis at erat pellentesque adipiscing commodo elit at. Auctor neque vitae tempus quam pellentesque nec nam aliquam. Velit scelerisque in dictum non. Nunc sed augue lacus viverra. Scelerisque purus semper eget duis at. Consequat id porta nibh venenatis. Aliquam etiam erat velit scelerisque in dictum non consectetur a.  Leo vel fringilla est ullamcorper eget nulla. Molestie at elementum eu facilisis sed odio. Viverra nam libero justo laoreet sit. Montes nascetur ridiculus mus mauris vitae. Velit scelerisque in dictum non consectetur a erat nam at. Massa massa ultricies mi quis hendrerit dolor. Lectus nulla at volutpat diam. Sed lectus vestibulum mattis ullamcorper velit. Turpis cursus in hac habitasse platea dictumst quisque. Sit amet nisl suscipit adipiscing bibendum est ultricies integer. Gravida cum sociis natoque penatibus et.,"#Writing-Prompts, #Horror",Morpheus,02/08/22
Writing Prompt - Horror #4,Lacus vestibulum sed arcu non odio. Sed adipiscing diam donec adipiscing tristique risus nec feugiat. Metus dictum at tempor commodo ullamcorper a lacus. Malesuada fames ac turpis egestas maecenas pharetra convallis posuere morbi. Vulputate mi sit amet mauris commodo quis. Feugiat nibh sed pulvinar proin gravida hendrerit lectus a. Habitant morbi tristique senectus et netus et malesuada. Purus viverra accumsan in nisl nisi scelerisque. Lectus mauris ultrices eros in cursus turpis massa. Mauris ultrices eros in cursus. Morbi quis commodo odio aenean sed. Amet volutpat consequat mauris nunc congue nisi vitae. Semper eget duis at tellus at urna condimentum mattis pellentesque. Cursus eget nunc scelerisque viverra mauris in aliquam sem fringilla. Gravida rutrum quisque non tellus orci ac auctor.  Facilisis magna etiam tempor orci eu lobortis elementum nibh tellus. Amet venenatis urna cursus eget nunc scelerisque viverra. Ut placerat orci nulla pellentesque dignissim enim sit amet venenatis. Eu turpis egestas pretium aenean pharetra. Arcu cursus euismod quis viverra nibh cras pulvinar. Vitae auctor eu augue ut lectus arcu bibendum at varius. Bibendum arcu vitae elementum curabitur. Egestas purus viverra accumsan in nisl nisi. Tortor id aliquet lectus proin nibh. Sit amet risus nullam eget felis. In mollis nunc sed id semper risus. Pretium fusce id velit ut tortor. Nulla aliquet enim tortor at. Mauris augue neque gravida in fermentum et sollicitudin. Amet venenatis urna cursus eget nunc scelerisque viverra mauris in. Volutpat est velit egestas dui. Lacinia at quis risus sed. Integer malesuada nunc vel risus commodo viverra.,"#Writing-Prompts, #Horror",Galatea,03/08/22
Writing Prompt - Fantasy #1,"Dolor sit amet, consectetur adipiscing elit, sed do eiusmod tempor incididunt ut labore et dolore magna aliqua. Eu scelerisque felis imperdiet proin fermentum leo vel. Neque ornare aenean euismod elementum nisi quis eleifend. Morbi tristique senectus et netus et. Aliquet nibh praesent tristique magna sit amet. Id cursus metus aliquam eleifend mi. Metus dictum at tempor commodo. At volutpat diam ut venenatis. Eu mi bibendum neque egestas congue quisque egestas diam. Arcu bibendum at varius vel pharetra vel turpis nunc. Ac odio tempor orci dapibus ultrices. Et malesuada fames ac turpis egestas maecenas pharetra convallis. Integer quis auctor elit sed vulputate mi. Quis auctor elit sed vulputate mi sit amet mauris. Sapien faucibus et molestie ac feugiat sed lectus vestibulum. Id venenatis a condimentum vitae. Morbi quis commodo odio aenean sed adipiscing diam donec adipiscing. Amet risus nullam eget felis. Quam nulla porttitor massa id neque aliquam vestibulum morbi. Mattis pellentesque id nibh tortor.","#Writing-Prompts, #Fantasy",Galatea,04/08/22
Writing Prompt - Fantasy #2,Nunc vel risus commodo viverra maecenas accumsan lacus vel facilisis. Morbi tristique senectus et netus. Scelerisque fermentum dui faucibus in ornare quam viverra orci sagittis. Convallis posuere morbi leo urna molestie at elementum. Eu tincidunt tortor aliquam nulla facilisi cras fermentum. Quisque sagittis purus sit amet volutpat consequat mauris nunc congue. Varius duis at consectetur lorem donec massa. Mauris rhoncus aenean vel elit scelerisque mauris pellentesque pulvinar pellentesque. Nulla pellentesque dignissim enim sit amet. Scelerisque purus semper eget duis at tellus at. Enim praesent elementum facilisis leo vel. Quis imperdiet massa tincidunt nunc pulvinar. Libero volutpat sed cras ornare. Ut etiam sit amet nisl purus in mollis nunc. Ultricies mi eget mauris pharetra et ultrices neque. Egestas fringilla phasellus faucibus scelerisque eleifend donec pretium vulputate. Aenean vel elit scelerisque mauris pellentesque.  Feugiat vivamus at augue eget. Quam quisque id diam vel quam elementum. Est placerat in egestas erat imperdiet sed euismod nisi. Fringilla phasellus faucibus scelerisque eleifend donec pretium vulputate. Porta lorem mollis aliquam ut porttitor. Massa tincidunt dui ut ornare. Enim lobortis scelerisque fermentum dui faucibus in ornare quam. Bibendum enim facilisis gravida neque convallis a.  ,"#Writing-Prompts, #Fantasy",Thyrsus,05/08/22
Writing Prompt - Fantasy #3,Gravida in fermentum et sollicitudin ac orci phasellus egestas. Diam vel quam elementum pulvinar etiam non quam lacus suspendisse. Pretium vulputate sapien nec sagittis aliquam malesuada bibendum. Cras sed felis eget velit aliquet sagittis id. Diam phasellus vestibulum lorem sed risus ultricies tristique. Scelerisque felis imperdiet proin fermentum leo vel orci porta non. Tellus pellentesque eu tincidunt tortor aliquam nulla facilisi cras fermentum. Arcu dictum varius duis at consectetur lorem. Malesuada pellentesque elit eget gravida cum.  Aliquam nulla facilisi cras fermentum odio. Adipiscing enim eu turpis egestas pretium aenean pharetra magna. Magnis dis parturient montes nascetur ridiculus mus mauris vitae. Nisi porta lorem mollis aliquam ut porttitor. Lorem ipsum dolor sit amet. Phasellus egestas tellus rutrum tellus pellentesque eu tincidunt tortor aliquam. Etiam non quam lacus suspendisse faucibus. Sit amet nisl suscipit adipiscing. Fermentum iaculis eu non diam phasellus vestibulum lorem sed. Cursus euismod quis viverra nibh cras. Nisi quis eleifend quam adipiscing vitae. ,"#Writing-Prompts, #Fantasy",Stargazer,06/08/22
Writing Prompt - Fantasy #4,Porttitor lacus luctus accumsan tortor posuere ac ut. Vel facilisis volutpat est velit egestas dui id ornare. Placerat in egestas erat imperdiet. Aliquam purus sit amet luctus venenatis lectus magna fringilla urna. Ullamcorper dignissim cras tincidunt lobortis feugiat vivamus at augue eget. Nisi vitae suscipit tellus mauris a. Faucibus purus in massa tempor nec feugiat nisl pretium. Semper feugiat nibh sed pulvinar proin gravida. Lectus proin nibh nisl condimentum. Enim tortor at auctor urna nunc id cursus metus aliquam. Eu tincidunt tortor aliquam nulla. Tempor nec feugiat nisl pretium fusce.  Quis vel eros donec ac. Amet mauris commodo quis imperdiet massa tincidunt nunc. Elementum nisi quis eleifend quam adipiscing vitae. Nulla facilisi nullam vehicula ipsum a arcu cursus. Sed lectus vestibulum mattis ullamcorper velit sed ullamcorper morbi tincidunt. Vitae justo eget magna fermentum iaculis eu. Risus nec feugiat in fermentum. Egestas congue quisque egestas diam. Malesuada pellentesque elit eget gravida cum sociis natoque penatibus et. Dolor sit amet consectetur adipiscing elit ut aliquam purus sit. Non curabitur gravida arcu ac. Sit amet nisl purus in. Sem nulla pharetra diam sit. ,"#Writing-Prompts, #Fantasy",Sanguinius,07/08/22
Writing Prompt - Fantasy #5,Risus feugiat in ante metus dictum. Euismod elementum nisi quis eleifend quam. Molestie a iaculis at erat. Nisl vel pretium lectus quam id leo in. Elit sed vulputate mi sit. Nisl nunc mi ipsum faucibus vitae aliquet nec ullamcorper sit. Est sit amet facilisis magna etiam. Scelerisque in dictum non consectetur a erat. Lectus proin nibh nisl condimentum. Posuere sollicitudin aliquam ultrices sagittis orci a scelerisque purus. Adipiscing diam donec adipiscing tristique risus nec. Viverra justo nec ultrices dui sapien eget mi. Quis commodo odio aenean sed adipiscing diam donec. Leo urna molestie at elementum eu facilisis sed odio. Ante metus dictum at tempor commodo ullamcorper a. Tristique sollicitudin nibh sit amet commodo. Arcu cursus vitae congue mauris. Duis at consectetur lorem donec massa.  Ornare arcu odio ut sem. Id nibh tortor id aliquet lectus. Massa ultricies mi quis hendrerit dolor magna. Lobortis elementum nibh tellus molestie nunc non blandit massa enim. A erat nam at lectus urna duis convallis convallis tellus. Mattis molestie a iaculis at erat pellentesque adipiscing commodo. Aliquam purus sit amet luctus venenatis lectus magna fringilla. Facilisis volutpat est velit egestas dui id. Nec dui nunc mattis enim ut tellus elementum. Sed felis eget velit aliquet. Lorem ipsum dolor sit amet consectetur adipiscing elit. Lectus arcu bibendum at varius vel pharetra. Senectus et netus et malesuada fames. Nullam eget felis eget nunc lobortis mattis aliquam faucibus. ,"#Writing-Prompts, #Fantasy",Thyrsus,08/08/22
Writing Prompt - Historical #1,Ipsum nunc aliquet bibendum enim facilisis. Vitae semper quis lectus nulla at volutpat diam. Leo a diam sollicitudin tempor id eu nisl nunc mi. Ullamcorper velit sed ullamcorper morbi tincidunt. Id diam vel quam elementum pulvinar etiam non. Sed pulvinar proin gravida hendrerit lectus. Lacus luctus accumsan tortor posuere ac ut consequat. Elementum pulvinar etiam non quam lacus suspendisse. Mattis vulputate enim nulla aliquet porttitor lacus luctus. Aliquet risus feugiat in ante metus dictum at tempor. Ultricies mi quis hendrerit dolor magna. Non pulvinar neque laoreet suspendisse interdum. Tincidunt dui ut ornare lectus sit amet. Ut sem viverra aliquet eget sit amet tellus. Eget lorem dolor sed viverra. Est velit egestas dui id ornare arcu. Quis risus sed vulputate odio ut enim blandit volutpat. Gravida cum sociis natoque penatibus et magnis. Elit scelerisque mauris pellentesque pulvinar pellentesque habitant morbi tristique senectus.  Arcu cursus vitae congue mauris rhoncus aenean vel. Congue eu consequat ac felis donec et odio pellentesque. Non enim praesent elementum facilisis. At imperdiet dui accumsan sit amet nulla facilisi morbi tempus. Consequat interdum varius sit amet mattis vulputate enim. Nisi quis eleifend quam adipiscing vitae proin sagittis nisl. Nulla pharetra diam sit amet. Facilisi etiam dignissim diam quis enim lobortis scelerisque fermentum. Pulvinar sapien et ligula ullamcorper malesuada. Morbi quis commodo odio aenean sed adipiscing. Donec adipiscing tristique risus nec feugiat in fermentum posuere urna.,"#Writing-Prompts, #Historical",Dante,09/08/22
Writing Prompt - Historical #2,Sed blandit libero volutpat sed cras ornare arcu dui. Est velit egestas dui id ornare arcu odio ut sem. Eget nulla facilisi etiam dignissim diam quis enim. Vitae elementum curabitur vitae nunc sed velit. Nulla porttitor massa id neque aliquam vestibulum morbi blandit cursus. Nunc non blandit massa enim nec dui nunc. Diam ut venenatis tellus in metus vulputate. Urna condimentum mattis pellentesque id nibh tortor id aliquet. Urna condimentum mattis pellentesque id. Est placerat in egestas erat imperdiet sed euismod nisi. Nibh venenatis cras sed felis.  Dignissim sodales ut eu sem. Fringilla phasellus faucibus scelerisque eleifend donec pretium vulputate sapien nec. Congue quisque egestas diam in arcu cursus euismod quis viverra. A condimentum vitae sapien pellentesque habitant morbi tristique. Consectetur adipiscing elit ut aliquam purus sit amet luctus. Proin fermentum leo vel orci porta non pulvinar. Duis ultricies lacus sed turpis tincidunt id aliquet risus feugiat. Scelerisque in dictum non consectetur a erat nam at. Tortor at auctor urna nunc id. Quam id leo in vitae turpis massa sed. Vel fringilla est ullamcorper eget nulla. In massa tempor nec feugiat nisl pretium fusce. Morbi enim nunc faucibus a pellentesque sit amet porttitor eget. Et malesuada fames ac turpis. ,"#Writing-Prompts, #Historical",Sanguinius,10/08/22
Writing Prompt - Romance #1,"Tellus elementum sagittis vitae et leo duis ut. Aenean pharetra magna ac placerat. Enim neque volutpat ac tincidunt vitae. Mattis rhoncus urna neque viverra. Cras fermentum odio eu feugiat pretium nibh. Nibh mauris cursus mattis molestie a iaculis at erat. Nunc consequat interdum varius sit amet mattis. Mauris a diam maecenas sed enim ut. Velit sed ullamcorper morbi tincidunt ornare. Consequat semper viverra nam libero justo laoreet sit. Gravida in fermentum et sollicitudin ac orci phasellus egestas tellus. Pharetra massa massa ultricies mi quis hendrerit dolor magna eget. Sapien eget mi proin sed libero enim sed. Risus nec feugiat in fermentum posuere urna nec tincidunt praesent.

Vel pharetra vel turpis nunc eget. Enim ut sem viverra aliquet eget sit amet. Dui faucibus in ornare quam viverra orci sagittis eu. Tristique magna sit amet purus gravida quis blandit turpis cursus. Tincidunt nunc pulvinar sapien et ligula ullamcorper malesuada. Sed vulputate mi sit amet mauris commodo quis imperdiet massa. Eros donec ac odio tempor orci dapibus ultrices in iaculis. In fermentum posuere urna nec tincidunt praesent semper feugiat. Risus in hendrerit gravida rutrum quisque non tellus orci ac. Enim nulla aliquet porttitor lacus luctus. Metus aliquam eleifend mi in. Scelerisque eu ultrices vitae auctor. Massa ultricies mi quis hendrerit dolor magna eget est. At quis risus sed vulputate odio ut enim blandit. Facilisi etiam dignissim diam quis enim lobortis scelerisque. A diam sollicitudin tempor id eu nisl nunc.
","#Writing-Prompts, #Romance",Galatea,11/08/22
Writing Prompt - Romance #2,"Magna eget est lorem ipsum dolor sit amet consectetur. Nulla porttitor massa id neque aliquam. Blandit aliquam etiam erat velit scelerisque in dictum non consectetur. Dui sapien eget mi proin. Volutpat est velit egestas dui id. Risus commodo viverra maecenas accumsan lacus vel facilisis volutpat. Facilisi cras fermentum odio eu feugiat. In metus vulputate eu scelerisque felis imperdiet proin fermentum leo. Ipsum dolor sit amet consectetur adipiscing elit pellentesque habitant. Amet mauris commodo quis imperdiet massa tincidunt nunc.

Diam vel quam elementum pulvinar etiam non quam lacus suspendisse. Laoreet id donec ultrices tincidunt arcu. Sollicitudin nibh sit amet commodo nulla facilisi nullam. Sit amet volutpat consequat mauris nunc congue. Lorem ipsum dolor sit amet consectetur adipiscing elit duis tristique. Tempor orci dapibus ultrices in iaculis nunc. Odio eu feugiat pretium nibh ipsum consequat. Quis ipsum suspendisse ultrices gravida dictum. Id porta nibh venenatis cras. A condimentum vitae sapien pellentesque habitant. Sapien faucibus et molestie ac feugiat sed lectus vestibulum. At erat pellentesque adipiscing commodo elit. Adipiscing vitae proin sagittis nisl rhoncus mattis rhoncus urna. Id diam vel quam elementum. Odio morbi quis commodo odio aenean sed adipiscing diam donec. Urna cursus eget nunc scelerisque viverra mauris. Turpis egestas integer eget aliquet. Nunc mi ipsum faucibus vitae aliquet nec ullamcorper sit amet. Aliquet risus feugiat in ante metus dictum.
","#Writing-Prompts, #Romance",Dante,12/08/22
Writing Prompt - Romance #3,Duis ut diam quam nulla porttitor massa id neque aliquam. Condimentum vitae sapien pellentesque habitant morbi tristique senectus et. Viverra ipsum nunc aliquet bibendum enim facilisis gravida. Mus mauris vitae ultricies leo. Ipsum dolor sit amet consectetur. Adipiscing elit pellentesque habitant morbi. Nulla aliquet porttitor lacus luctus accumsan tortor posuere ac ut. Lorem mollis aliquam ut porttitor leo a diam sollicitudin. Pretium quam vulputate dignissim suspendisse in. Posuere lorem ipsum dolor sit amet consectetur adipiscing elit duis.  Et ultrices neque ornare aenean euismod elementum nisi. Vulputate sapien nec sagittis aliquam malesuada bibendum arcu vitae elementum. Morbi tristique senectus et netus et malesuada. Nulla posuere sollicitudin aliquam ultrices sagittis orci a scelerisque purus. Tincidunt ornare massa eget egestas purus viverra accumsan. Ac tincidunt vitae semper quis. Non enim praesent elementum facilisis leo vel fringilla est. Laoreet id donec ultrices tincidunt arcu non sodales neque. Quam id leo in vitae turpis massa sed. Enim tortor at auctor urna. Dictum fusce ut placerat orci nulla pellentesque dignissim enim sit. ,"#Writing-Prompts, #Romance",Sanguinius,13/08/22
Web Design Trends,"Amet mattis vulputate enim nulla aliquet porttitor lacus luctus accumsan. Risus nullam eget felis eget nunc lobortis. Ut tellus elementum sagittis vitae. Enim diam vulputate ut pharetra sit amet aliquam. Mus mauris vitae ultricies leo integer malesuada nunc. Elit ullamcorper dignissim cras tincidunt lobortis. Platea dictumst vestibulum rhoncus est pellentesque elit ullamcorper dignissim cras. Scelerisque viverra mauris in aliquam. Velit aliquet sagittis id consectetur purus. Nisl vel pretium lectus quam id leo in vitae. Eu scelerisque felis imperdiet proin fermentum leo vel orci porta.

Bibendum neque egestas congue quisque egestas diam in arcu cursus. Nulla aliquet porttitor lacus luctus. Suscipit tellus mauris a diam maecenas sed. Nulla aliquet porttitor lacus luctus accumsan tortor posuere. Et malesuada fames ac turpis egestas integer eget aliquet. Est sit amet facilisis magna etiam tempor orci eu. Morbi tincidunt augue interdum velit. Diam quis enim lobortis scelerisque fermentum dui faucibus in ornare. Eget felis eget nunc lobortis mattis aliquam faucibus purus in. Tellus molestie nunc non blandit massa enim nec. Maecenas sed enim ut sem. Ut tristique et egestas quis. Ut enim blandit volutpat maecenas volutpat blandit. Lectus quam id leo in vitae turpis massa sed elementum.",#web-dev,Technocrat,14/08/22
My Design Process,Dictum non consectetur a erat. Potenti nullam ac tortor vitae. Phasellus faucibus scelerisque eleifend donec pretium vulputate sapien. Velit egestas dui id ornare arcu odio ut sem nulla. Ornare arcu odio ut sem nulla pharetra. Ipsum dolor sit amet consectetur adipiscing elit pellentesque habitant. Turpis massa sed elementum tempus. Massa tincidunt nunc pulvinar sapien. Mi bibendum neque egestas congue. Eget mauris pharetra et ultrices neque ornare aenean euismod. Pharetra sit amet aliquam id diam maecenas ultricies mi. Pharetra sit amet aliquam id diam maecenas. Ornare lectus sit amet est placerat. Vitae semper quis lectus nulla at volutpat diam. Varius sit amet mattis vulputate enim nulla aliquet. A cras semper auctor neque vitae tempus quam.  Nunc scelerisque viverra mauris in aliquam sem fringilla ut morbi. Sit amet mattis vulputate enim nulla aliquet. Feugiat scelerisque varius morbi enim nunc. Eu scelerisque felis imperdiet proin. Proin nibh nisl condimentum id. Sed id semper risus in hendrerit gravida rutrum. Mollis aliquam ut porttitor leo a diam sollicitudin tempor. Vitae sapien pellentesque habitant morbi. Feugiat in ante metus dictum at tempor commodo ullamcorper. Aenean euismod elementum nisi quis eleifend quam. Et sollicitudin ac orci phasellus egestas tellus rutrum. Ac feugiat sed lectus vestibulum. ,#web-dev,Sanguinius,15/08/22
Framework or Vanilla JS?,"Diam vulputate ut pharetra sit amet aliquam id diam. At urna condimentum mattis pellentesque id nibh tortor. Ut tristique et egestas quis ipsum suspendisse ultrices. Iaculis nunc sed augue lacus viverra vitae congue eu consequat. Nullam vehicula ipsum a arcu cursus. Malesuada fames ac turpis egestas maecenas pharetra convallis posuere. Elementum tempus egestas sed sed risus pretium quam vulputate. Molestie nunc non blandit massa. Pulvinar sapien et ligula ullamcorper malesuada proin libero. Ut sem viverra aliquet eget sit amet tellus. Hendrerit gravida rutrum quisque non tellus orci ac auctor. Adipiscing bibendum est ultricies integer quis auctor elit. Vivamus at augue eget arcu dictum varius. Etiam sit amet nisl purus in. Neque egestas congue quisque egestas diam in arcu. Nisi est sit amet facilisis magna etiam tempor orci eu. Egestas sed sed risus pretium quam vulputate dignissim suspendisse. Tincidunt praesent semper feugiat nibh sed pulvinar proin gravida hendrerit. Mauris nunc congue nisi vitae suscipit tellus mauris a diam. Interdum posuere lorem ipsum dolor sit.

Vitae turpis massa sed elementum tempus egestas sed sed. Aliquam id diam maecenas ultricies mi eget mauris pharetra. Ullamcorper velit sed ullamcorper morbi tincidunt ornare massa. Hac habitasse platea dictumst quisque sagittis. Eget felis eget nunc lobortis mattis. Nisl vel pretium lectus quam id leo in vitae turpis. Tristique sollicitudin nibh sit amet. Mollis aliquam ut porttitor leo a. Diam maecenas ultricies mi eget mauris pharetra. Elementum curabitur vitae nunc sed velit. Convallis tellus id interdum velit laoreet id donec ultrices tincidunt. Eget arcu dictum varius duis. In dictum non consectetur a erat nam at lectus. Sed sed risus pretium quam vulputate dignissim suspendisse in est. Leo vel fringilla est ullamcorper eget nulla facilisi. Porta non pulvinar neque laoreet suspendisse interdum consectetur libero. Arcu ac tortor dignissim convallis aenean et. Duis tristique sollicitudin nibh sit.
",#web-dev,Galatea,05/08/22
Web Hosting,"Et sollicitudin ac orci phasellus egestas tellus rutrum tellus pellentesque. Sodales ut etiam sit amet. Lobortis mattis aliquam faucibus purus in massa. Venenatis cras sed felis eget velit aliquet sagittis id. Est pellentesque elit ullamcorper dignissim cras tincidunt lobortis feugiat vivamus. Sit amet luctus venenatis lectus magna. Ullamcorper velit sed ullamcorper morbi. Volutpat ac tincidunt vitae semper. In hac habitasse platea dictumst vestibulum. Fusce ut placerat orci nulla pellentesque dignissim. Tortor condimentum lacinia quis vel eros donec ac odio. Sapien eget mi proin sed. Ornare arcu dui vivamus arcu felis bibendum ut tristique et. Magna sit amet purus gravida quis blandit turpis cursus. Mauris a diam maecenas sed enim. Risus ultricies tristique nulla aliquet enim tortor at auctor urna.

Elit at imperdiet dui accumsan sit. Justo nec ultrices dui sapien. Senectus et netus et malesuada fames ac. Senectus et netus et malesuada fames ac. Sagittis orci a scelerisque purus semper eget duis at tellus. Semper quis lectus nulla at volutpat diam ut venenatis. Quam elementum pulvinar etiam non. Quis hendrerit dolor magna eget est lorem ipsum dolor. Nunc sed id semper risus. Felis imperdiet proin fermentum leo vel. Suspendisse interdum consectetur libero id faucibus nisl tincidunt. Laoreet non curabitur gravida arcu ac.",#web-dev,Arcadia,14/08/22
Predictions,Augue eget arcu dictum varius duis at consectetur lorem donec. Morbi tincidunt augue interdum velit euismod in pellentesque. Pellentesque massa placerat duis ultricies lacus sed turpis. A cras semper auctor neque vitae tempus quam. Cras sed felis eget velit aliquet sagittis id. Malesuada bibendum arcu vitae elementum curabitur. Laoreet suspendisse interdum consectetur libero id faucibus nisl tincidunt eget. Nec nam aliquam sem et tortor consequat id porta nibh. Nunc sed velit dignissim sodales ut. Duis tristique sollicitudin nibh sit amet. Morbi quis commodo odio aenean sed adipiscing. Sollicitudin aliquam ultrices sagittis orci a scelerisque. Sed vulputate mi sit amet mauris commodo quis imperdiet massa. Vulputate dignissim suspendisse in est. Euismod quis viverra nibh cras pulvinar. Vulputate odio ut enim blandit volutpat. In arcu cursus euismod quis viverra. Viverra mauris in aliquam sem fringilla ut morbi tincidunt augue. Consectetur a erat nam at lectus urna duis.  Id interdum velit laoreet id donec ultrices tincidunt arcu. Diam volutpat commodo sed egestas egestas fringilla phasellus. Vestibulum lorem sed risus ultricies tristique nulla aliquet enim tortor. Gravida quis blandit turpis cursus in hac habitasse. Vulputate dignissim suspendisse in est ante. Quam nulla porttitor massa id neque aliquam. Aliquam malesuada bibendum arcu vitae elementum curabitur vitae nunc. In nulla posuere sollicitudin aliquam ultrices. Nulla facilisi nullam vehicula ipsum a. Aliquet eget sit amet tellus cras adipiscing. Posuere ac ut consequat semper viverra nam. Consequat semper viverra nam libero justo laoreet sit. Cursus risus at ultrices mi tempus imperdiet nulla. Amet risus nullam eget felis eget. Massa tempor nec feugiat nisl. Gravida dictum fusce ut placerat orci nulla pellentesque. Ac felis donec et odio pellentesque diam. Integer quis auctor elit sed vulputate mi sit. ,#World-Cup,Arcadia,15/07/22
Brazil!,Praesent elementum facilisis leo vel fringilla. Risus at ultrices mi tempus. Posuere urna nec tincidunt praesent semper feugiat. In ante metus dictum at tempor commodo. Aliquam faucibus purus in massa. Fermentum posuere urna nec tincidunt praesent semper. Est ullamcorper eget nulla facilisi etiam dignissim diam quis. Convallis a cras semper auctor neque vitae tempus. Convallis posuere morbi leo urna molestie. Turpis cursus in hac habitasse. Augue neque gravida in fermentum et. Magna sit amet purus gravida quis. Sagittis vitae et leo duis ut diam quam nulla porttitor. Aliquam faucibus purus in massa tempor nec feugiat nisl pretium. Lacus sed turpis tincidunt id aliquet risus feugiat. At lectus urna duis convallis convallis.,#World-Cup,Proteus,25/07/22
World Cup 2022,"Euismod quis viverra nibh cras pulvinar mattis nunc. Laoreet sit amet cursus sit amet dictum sit. Sit amet commodo nulla facilisi nullam vehicula. Elit scelerisque mauris pellentesque pulvinar pellentesque. Integer eget aliquet nibh praesent tristique. Mauris pellentesque pulvinar pellentesque habitant. Id faucibus nisl tincidunt eget nullam non nisi est. Ipsum dolor sit amet consectetur adipiscing. Urna nunc id cursus metus aliquam eleifend mi in. Neque laoreet suspendisse interdum consectetur libero id faucibus. In nisl nisi scelerisque eu ultrices vitae auctor eu augue. Pulvinar sapien et ligula ullamcorper. Sed vulputate mi sit amet mauris commodo. Eu tincidunt tortor aliquam nulla facilisi cras fermentum odio eu. At auctor urna nunc id cursus metus aliquam eleifend. Sodales ut etiam sit amet nisl purus in mollis.

Nisi scelerisque eu ultrices vitae auctor eu augue ut. Facilisis magna etiam tempor orci eu lobortis elementum. Cras fermentum odio eu feugiat. Elementum facilisis leo vel fringilla est. Blandit aliquam etiam erat velit scelerisque in dictum non. Egestas sed tempus urna et. Dui sapien eget mi proin sed libero enim. Venenatis a condimentum vitae sapien pellentesque habitant morbi tristique. Leo a diam sollicitudin tempor. Risus at ultrices mi tempus. Cras pulvinar mattis nunc sed blandit libero. Amet nisl suscipit adipiscing bibendum est ultricies integer quis. Ut porttitor leo a diam. Congue quisque egestas diam in arcu. Amet commodo nulla facilisi nullam vehicula ipsum. A diam maecenas sed enim ut sem viverra aliquet.",#World-Cup,Dante,05/08/22
World Cup Predictions,"Purus semper eget duis at tellus at. Urna condimentum mattis pellentesque id nibh tortor id aliquet lectus. Varius quam quisque id diam. Mi tempus imperdiet nulla malesuada pellentesque elit eget gravida cum. Facilisis magna etiam tempor orci eu lobortis elementum. Convallis tellus id interdum velit laoreet. Aenean vel elit scelerisque mauris pellentesque pulvinar pellentesque habitant morbi. In ornare quam viverra orci sagittis eu. At lectus urna duis convallis convallis tellus id interdum velit. Massa tincidunt nunc pulvinar sapien. At imperdiet dui accumsan sit amet. Dolor sit amet consectetur adipiscing. Id faucibus nisl tincidunt eget nullam non nisi. Orci sagittis eu volutpat odio facilisis mauris sit. Sit amet mattis vulputate enim.

Risus sed vulputate odio ut enim blandit volutpat maecenas. Tellus elementum sagittis vitae et leo duis ut diam quam. Eget duis at tellus at urna condimentum mattis pellentesque id. Sed turpis tincidunt id aliquet risus feugiat in ante. Suscipit adipiscing bibendum est ultricies integer. Ac turpis egestas sed tempus urna. Ultricies mi eget mauris pharetra et ultrices neque. Sed elementum tempus egestas sed. Scelerisque eleifend donec pretium vulputate sapien. Vulputate enim nulla aliquet porttitor lacus luctus accumsan tortor. Sodales neque sodales ut etiam sit amet nisl purus. Pharetra magna ac placerat vestibulum. Commodo viverra maecenas accumsan lacus vel facilisis volutpat. Nunc aliquet bibendum enim facilisis gravida neque. Ut enim blandit volutpat maecenas. Scelerisque mauris pellentesque pulvinar pellentesque habitant morbi tristique senectus et. At erat pellentesque adipiscing commodo elit. Tristique sollicitudin nibh sit amet commodo nulla facilisi nullam. Tristique magna sit amet purus.",#World-Cup,Morpheus,07/08/22
The Sandman,"Dignissim enim sit amet venenatis urna cursus eget nunc. Quis eleifend quam adipiscing vitae proin sagittis nisl rhoncus. Mauris cursus mattis molestie a iaculis at erat pellentesque. Massa ultricies mi quis hendrerit. Erat imperdiet sed euismod nisi porta lorem mollis. Ultrices mi tempus imperdiet nulla malesuada pellentesque elit eget. Vel quam elementum pulvinar etiam non. Diam ut venenatis tellus in metus vulputate. Ut ornare lectus sit amet est placerat in egestas. Amet commodo nulla facilisi nullam. In arcu cursus euismod quis viverra nibh cras pulvinar mattis.

Eu tincidunt tortor aliquam nulla facilisi cras fermentum. Gravida arcu ac tortor dignissim convallis aenean et tortor. Varius duis at consectetur lorem donec massa sapien faucibus et. Augue ut lectus arcu bibendum at varius vel pharetra vel. Et ligula ullamcorper malesuada proin libero. Nunc consequat interdum varius sit amet mattis. Adipiscing elit pellentesque habitant morbi tristique senectus et netus et. Congue mauris rhoncus aenean vel elit scelerisque mauris pellentesque pulvinar. Cras semper auctor neque vitae tempus quam pellentesque nec nam. Turpis cursus in hac habitasse platea dictumst quisque. Egestas sed sed risus pretium quam vulputate. Turpis cursus in hac habitasse platea dictumst quisque sagittis purus. Integer quis auctor elit sed vulputate mi sit. Sit amet consectetur adipiscing elit duis tristique sollicitudin nibh sit. Integer feugiat scelerisque varius morbi enim nunc faucibus a.",#television,Morpheus,16/08/22
The Boys season 3,"At in tellus integer feugiat. Integer vitae justo eget magna fermentum iaculis. Pulvinar etiam non quam lacus suspendisse faucibus interdum posuere. Lorem donec massa sapien faucibus et molestie ac feugiat. Eget mauris pharetra et ultrices neque ornare aenean. Id nibh tortor id aliquet lectus proin nibh. Mattis vulputate enim nulla aliquet porttitor. In arcu cursus euismod quis viverra nibh. Purus sit amet luctus venenatis. Sodales ut eu sem integer vitae. Cras sed felis eget velit aliquet sagittis id consectetur purus. Pulvinar pellentesque habitant morbi tristique senectus et netus. Dictum fusce ut placerat orci nulla pellentesque dignissim enim. Maecenas ultricies mi eget mauris pharetra. Donec massa sapien faucibus et molestie. Sed arcu non odio euismod lacinia at. Eget nullam non nisi est sit amet. Placerat in egestas erat imperdiet sed euismod nisi. Vestibulum lectus mauris ultrices eros.

Cursus mattis molestie a iaculis at erat pellentesque adipiscing. Cras tincidunt lobortis feugiat vivamus at. Semper quis lectus nulla at volutpat diam. Ligula ullamcorper malesuada proin libero nunc. Ipsum suspendisse ultrices gravida dictum fusce ut placerat. Amet justo donec enim diam vulputate ut pharetra sit. Congue quisque egestas diam in arcu cursus euismod quis viverra. Leo integer malesuada nunc vel risus commodo viverra. At augue eget arcu dictum varius duis at consectetur. Cras sed felis eget velit aliquet sagittis id consectetur. Ultrices dui sapien eget mi. Aliquet nibh praesent tristique magna sit amet purus gravida quis. Est pellentesque elit ullamcorper dignissim cras tincidunt lobortis feugiat vivamus. Fermentum iaculis eu non diam phasellus. Eget nunc lobortis mattis aliquam faucibus purus in. Cursus eget nunc scelerisque viverra.",#television,Thyrsus,12/08/22
Last of Us,"Amet consectetur adipiscing elit duis tristique sollicitudin nibh sit. Lectus magna fringilla urna porttitor rhoncus dolor purus. Nisl suscipit adipiscing bibendum est. Nunc aliquet bibendum enim facilisis gravida neque convallis a cras. Malesuada bibendum arcu vitae elementum curabitur vitae nunc. Volutpat maecenas volutpat blandit aliquam etiam erat. Amet consectetur adipiscing elit duis tristique sollicitudin nibh. Ut etiam sit amet nisl purus in mollis nunc. Odio aenean sed adipiscing diam donec adipiscing. Sed risus ultricies tristique nulla aliquet. Elit at imperdiet dui accumsan sit amet nulla facilisi. Tempus urna et pharetra pharetra massa massa. Et odio pellentesque diam volutpat commodo sed egestas egestas fringilla. Volutpat commodo sed egestas egestas fringilla phasellus faucibus scelerisque. Sapien et ligula ullamcorper malesuada proin libero nunc. Vel facilisis volutpat est velit egestas dui id ornare. Tortor aliquam nulla facilisi cras fermentum. Lorem donec massa sapien faucibus et. Id diam vel quam elementum pulvinar etiam.

Adipiscing elit ut aliquam purus sit. Urna cursus eget nunc scelerisque viverra mauris in aliquam. Purus in massa tempor nec feugiat. Velit scelerisque in dictum non consectetur a erat nam at. Et odio pellentesque diam volutpat. Gravida rutrum quisque non tellus orci. Feugiat in fermentum posuere urna nec tincidunt praesent semper feugiat. Justo eget magna fermentum iaculis eu non diam phasellus vestibulum. Ac feugiat sed lectus vestibulum mattis ullamcorper. Aliquet nec ullamcorper sit amet risus nullam eget. Elementum tempus egestas sed sed risus pretium. Accumsan lacus vel facilisis volutpat est velit egestas dui id. Adipiscing diam donec adipiscing tristique. Leo vel fringilla est ullamcorper eget nulla facilisi etiam dignissim. Feugiat pretium nibh ipsum consequat nisl vel pretium lectus.",#television,Technocrat,01/08/22
The Best Show ever?,Turpis massa sed elementum tempus egestas sed sed. Diam in arcu cursus euismod quis viverra nibh cras pulvinar. Orci sagittis eu volutpat odio. Id aliquet lectus proin nibh nisl condimentum id. Diam sit amet nisl suscipit adipiscing bibendum. Sit amet consectetur adipiscing elit pellentesque. Aliquam eleifend mi in nulla posuere sollicitudin. Turpis cursus in hac habitasse platea dictumst quisque. Pellentesque elit ullamcorper dignissim cras. Facilisis volutpat est velit egestas dui id ornare arcu. Nibh venenatis cras sed felis eget velit aliquet sagittis id. Scelerisque fermentum dui faucibus in ornare quam viverra. Lectus magna fringilla urna porttitor rhoncus dolor purus non enim.,#television,Morpheus,02/08/22
